TITLE,FIRST_NAME,LAST_NAME,EMAIL
dgxzxrylw,SAYNZ,LMVTNRAYXV,3zbuZaw@example.com
iaexzfsmdj,TGGVZYNVQG,BDEZCUP,oukCL5@example.com
zsrkwtrz,MVTDGVAB,SBIGPTVXM,TrqeGCc@example.com
ppzlx,BUQDWSYF,IBRLGFJRDT,4DElC3IwN7@example.com
wbclyhk,UIHSVWVHVN,JTLNCC,WNeeayLCmB@example.com
zpmniobex,KWKOIVUCKC,IJJWEMXFI,DFfLiBE3iS@example.com
vqxklvrp,AWDBQH,EAQRG,HBrfOKj@example.com
yrdhwx,QFAVFJVGCS,LBHCMW,UcczjAq83@example.com
tcmzfmn,HJZHX,ITKVJBDLN,cK9ddIn@example.com
hmkgovjqd,DWPKTICY,ZWXRG,1Cio4q8g@example.com
